<?xml version="1.0" encoding="UTF-8"?>
<project-private xmlns="http://www.netbeans.org/ns/project-private/1">
    <editor-bookmarks xmlns="http://www.netbeans.org/ns/editor-bookmarks/2" lastBookmarkId="0"/>
    <open-files xmlns="http://www.netbeans.org/ns/projectui-open-files/2">
        <group>
            <file>file:/C:/Users/juanz/Documents/NetBeansProjects/user-mgmt-juanzelada25-main/clases/Pintor.php</file>
            <file>file:/C:/Users/juanz/Documents/NetBeansProjects/user-mgmt-juanzelada25-main/views/app.blade.php</file>
            <file>file:/C:/Users/juanz/Documents/NetBeansProjects/user-mgmt-juanzelada25-main/clases/DataBase.php</file>
            <file>file:/C:/Users/juanz/Documents/NetBeansProjects/user-mgmt-juanzelada25-main/views/cambiarDatos.balde.php</file>
            <file>file:/C:/Users/juanz/Documents/NetBeansProjects/user-mgmt-juanzelada25-main/views/contenidoDetallado.blade.php</file>
            <file>file:/C:/Users/juanz/Documents/NetBeansProjects/user-mgmt-juanzelada25-main/views/login.balde.php</file>
            <file>file:/C:/Users/juanz/Documents/NetBeansProjects/user-mgmt-juanzelada25-main/views/contenido.blade.php.php</file>
            <file>file:/C:/Users/juanz/Documents/NetBeansProjects/user-mgmt-juanzelada25-main/clases/Usuario.php</file>
            <file>file:/C:/Users/juanz/Documents/NetBeansProjects/user-mgmt-juanzelada25-main/clases/Cuadro.php</file>
            <file>file:/C:/Users/juanz/Documents/NetBeansProjects/user-mgmt-juanzelada25-main/views/register.blade.php</file>
            <file>file:/C:/Users/juanz/Documents/NetBeansProjects/user-mgmt-juanzelada25-main/index.php</file>
        </group>
    </open-files>
</project-private>
